timeStamp,elapsed,label,responseCode,responseMessage,threadName,dataType,success,failureMessage,bytes,sentBytes,grpThreads,allThreads,URL,Latency,IdleTime,Connect
1687267522500,575,post board:  board1,200,OK,TrelloThreadGroup 1-2,text,true,,3721,346,5,5,https://api.trello.com/1/boards/?,575,0,168
1687267522506,569,post board:  board5,200,OK,TrelloThreadGroup 1-1,text,true,,3721,346,5,5,https://api.trello.com/1/boards/?,568,0,169
1687267522502,581,post board:  board3,200,OK,TrelloThreadGroup 1-5,text,true,,3721,346,5,5,https://api.trello.com/1/boards/?,581,0,163
1687267522503,583,post board:  board4,200,OK,TrelloThreadGroup 1-4,text,true,,3721,346,5,5,https://api.trello.com/1/boards/?,583,0,174
1687267522502,633,post board:  board2,200,OK,TrelloThreadGroup 1-3,text,true,,3721,346,5,5,https://api.trello.com/1/boards/?,633,0,168
1687267523087,213,get board : board4,200,OK,TrelloThreadGroup 1-4,text,true,,3828,273,5,5,https://api.trello.com/1/boards/6491a8c367db61d4918c2286?&key=96f185704d01c4d3c46127b155c91934&token=ATTAfeff57fc660ed427ed5defb21d459be22d457a1b6017248cb171617f2b3b08f1F82725C4,213,0,0
1687267523136,185,get board : board2,200,OK,TrelloThreadGroup 1-3,text,true,,3828,273,5,5,https://api.trello.com/1/boards/6491a8c39158bf9d9dacfebe?&key=96f185704d01c4d3c46127b155c91934&token=ATTAfeff57fc660ed427ed5defb21d459be22d457a1b6017248cb171617f2b3b08f1F82725C4,185,0,0
1687267523077,266,get board : board5,200,OK,TrelloThreadGroup 1-1,text,true,,3828,273,5,5,https://api.trello.com/1/boards/6491a8c346d5e405cb98cac9?&key=96f185704d01c4d3c46127b155c91934&token=ATTAfeff57fc660ed427ed5defb21d459be22d457a1b6017248cb171617f2b3b08f1F82725C4,266,0,0
1687267523084,272,get board : board3,200,OK,TrelloThreadGroup 1-5,text,true,,3828,273,5,5,https://api.trello.com/1/boards/6491a8c3c910636a4503d4af?&key=96f185704d01c4d3c46127b155c91934&token=ATTAfeff57fc660ed427ed5defb21d459be22d457a1b6017248cb171617f2b3b08f1F82725C4,272,0,0
1687267523077,308,get board : board1,200,OK,TrelloThreadGroup 1-2,text,true,,3828,273,5,5,https://api.trello.com/1/boards/6491a8c3727d875bceb838ac?&key=96f185704d01c4d3c46127b155c91934&token=ATTAfeff57fc660ed427ed5defb21d459be22d457a1b6017248cb171617f2b3b08f1F82725C4,308,0,0
1687267523357,672,get boards,200,OK,TrelloThreadGroup 1-5,text,true,,288055,259,5,5,https://api.trello.com/1/members/me/boards?&key=96f185704d01c4d3c46127b155c91934&token=ATTAfeff57fc660ed427ed5defb21d459be22d457a1b6017248cb171617f2b3b08f1F82725C4,319,0,0
1687267523301,735,get boards,200,OK,TrelloThreadGroup 1-4,text,true,,288055,259,5,5,https://api.trello.com/1/members/me/boards?&key=96f185704d01c4d3c46127b155c91934&token=ATTAfeff57fc660ed427ed5defb21d459be22d457a1b6017248cb171617f2b3b08f1F82725C4,599,0,0
1687267523322,717,get boards,200,OK,TrelloThreadGroup 1-3,text,true,,288055,259,5,5,https://api.trello.com/1/members/me/boards?&key=96f185704d01c4d3c46127b155c91934&token=ATTAfeff57fc660ed427ed5defb21d459be22d457a1b6017248cb171617f2b3b08f1F82725C4,336,0,0
1687267523344,702,get boards,200,OK,TrelloThreadGroup 1-1,text,true,,288055,259,5,5,https://api.trello.com/1/members/me/boards?&key=96f185704d01c4d3c46127b155c91934&token=ATTAfeff57fc660ed427ed5defb21d459be22d457a1b6017248cb171617f2b3b08f1F82725C4,523,0,0
1687267523385,669,get boards,200,OK,TrelloThreadGroup 1-2,text,true,,288055,259,5,5,https://api.trello.com/1/members/me/boards?&key=96f185704d01c4d3c46127b155c91934&token=ATTAfeff57fc660ed427ed5defb21d459be22d457a1b6017248cb171617f2b3b08f1F82725C4,487,0,0
1687267524030,236,post list,200,OK,TrelloThreadGroup 1-5,text,true,,2101,376,5,5,https://api.trello.com/1/lists?,236,0,0
1687267524055,248,post list,200,OK,TrelloThreadGroup 1-2,text,true,,2101,376,5,5,https://api.trello.com/1/lists?,248,0,0
1687267524047,256,post list,200,OK,TrelloThreadGroup 1-1,text,true,,2101,376,5,5,https://api.trello.com/1/lists?,256,0,0
1687267524037,274,post list,200,OK,TrelloThreadGroup 1-4,text,true,,2101,376,5,5,https://api.trello.com/1/lists?,273,0,0
1687267524039,281,post list,200,OK,TrelloThreadGroup 1-3,text,true,,2101,376,5,5,https://api.trello.com/1/lists?,281,0,0
1687267524266,412,post card,200,OK,TrelloThreadGroup 1-5,text,true,,3076,375,5,5,https://api.trello.com/1/cards?,412,0,0
1687267524311,408,post card,200,OK,TrelloThreadGroup 1-4,text,true,,3076,375,4,4,https://api.trello.com/1/cards?,408,0,0
1687267524304,418,post card,200,OK,TrelloThreadGroup 1-2,text,true,,3076,375,3,3,https://api.trello.com/1/cards?,418,0,0
1687267524305,426,post card,200,OK,TrelloThreadGroup 1-1,text,true,,3076,375,2,2,https://api.trello.com/1/cards?,426,0,0
1687267524320,411,post card,200,OK,TrelloThreadGroup 1-3,text,true,,3076,375,2,2,https://api.trello.com/1/cards?,411,0,0
